ID,Type,SKU,"GTIN, UPC, EAN, or ISBN",Name,Published,Is featured?,Visibility in catalog,Short description,Description,Date sale price starts,Date sale price ends,Tax status,Tax class,In stock?,Stock,Low stock amount,Backorders allowed?,Sold individually?,Weight (kg),Length (cm),Width (cm),Height (cm),Allow customer reviews?,Purchase note,Sale price,Regular price,Categories,Tags,Shipping class,Images,Download limit,Download expiry days,Parent,Grouped products,Upsells,Cross-sells,External URL,Button text,Position,Attribute 1 name,Attribute 1 value(s),Attribute 1 visible,Attribute 1 global,Attribute 1 default,Attribute 2 name,Attribute 2 value(s),Attribute 2 visible,Attribute 2 global,Attribute 2 default,Attribute 3 name,Attribute 3 value(s),Attribute 3 visible,Attribute 3 global,Attribute 3 default,Download 1 name,Download 1 URL,Download 2 name,Download 2 URL,Meta: _yoast_wpseo_title,Meta: _yoast_wpseo_metadesc,Meta: _yoast_wpseo_focuskw,Meta: _wc_average_rating,Meta: _wc_review_count,Meta: _wo_test_batch,Meta: _virtual,Meta: _downloadable
1001,simple,WO-BOTTLED-MORNING,0850001000017,Bottled Monday Morning,1,1,visible,"A 4oz flask of pure, uncut Monday — slightly bitter, regrettably caffeinated.","Harvested at 6:47 AM local time from the world's most reluctant commuters, Bottled Monday Morning captures the specific gloom of a week just beginning. Shake well. Do not consume on Fridays.",2026-04-01 00:00:00,2026-05-31 23:59:59,taxable,,1,4,5,no,0,0.25,8,8,15,1,"Thank you for shopping with Wonders & Oddities. Remember: results may vary, reality may also vary.",14.0,18.0,"Shop > Moods & Feelings, Shop > Curiosities","fictional, liquid, bestseller, caffeinated",standard,"https://raw.githubusercontent.com/nickhamze/wonders-oddities-assets/main/wonders-bottled-morning.png, https://raw.githubusercontent.com/nickhamze/wonders-oddities-assets/main/wonders-silence-jar.png, https://raw.githubusercontent.com/nickhamze/wonders-oddities-assets/main/wonders-discount-gravity.png",,,,,"WO-DREAD-REPELLENT, WO-SILENCE-JAR",WO-FORBIDDEN-HONEY,,,0,Brand,Wonders & Co.,1,1,,Origin,Near Cleveland,1,0,,Warning,Contains actual regret,1,0,,,,,,Bottled Monday Morning | Wonders & Oddities General Store,"Bottled Monday Morning: A 4oz flask of pure, uncut Monday — slightly bitter, regrettably caffeinated.",bottled morning,4.6,47,2026-04-16-a,no,no
1002,simple,WO-SILENCE-JAR,0850001000024,Artisanal Silence (8oz Jar),1,1,visible,Hand-gathered quietude from a monastery that may or may not exist.,"Each jar contains approximately 8 ounces of genuine silence, carefully sealed at source. Open indoors for best results. Do not open near babies, leaf blowers, or Italian families at dinner.",,,taxable,,1,23,5,no,0,0.4,10,10,12,1,"Thank you for shopping with Wonders & Oddities. Remember: results may vary, reality may also vary.",,32.0,"Shop > Curiosities, Shop > Moods & Feelings","handcrafted, limited-edition, quiet, theme-test",standard,"https://raw.githubusercontent.com/nickhamze/wonders-oddities-assets/main/wonders-silence-jar.png, https://raw.githubusercontent.com/nickhamze/wonders-oddities-assets/main/wonders-discount-gravity.png, https://raw.githubusercontent.com/nickhamze/wonders-oddities-assets/main/wonders-moon-dust.png",,,,,WO-BOTTLED-MORNING,WO-HAUNTED-CANDLE,,,1,Brand,Wonders & Co.,1,1,,Material,Borosilicate glass + nothing,1,0,,Volume,8 fl oz,1,0,,,,,,Artisanal Silence (8oz Jar) | Wonders & Oddities General Store,Artisanal Silence (8oz Jar): Hand-gathered quietude from a monastery that may or may not exist.,artisanal jar),4.9,112,2026-04-16-a,no,no
1003,simple,WO-DISCOUNT-GRAVITY,0850001000031,Discount Gravity (Slightly Used),1,0,visible,"Gravity, but cheaper. No returns on items that have already fallen.","This is not new gravity. It is refurbished gravity, sourced from a warehouse in Nebraska that went out of business. Works approximately 94% as well as brand-name gravity. Pulls objects downward in most cases.",2026-04-01 00:00:00,2026-05-31 23:59:59,taxable,,1,0,5,notify,0,9999.0,5,5,5,1,"Thank you for shopping with Wonders & Oddities. Remember: results may vary, reality may also vary.",7.99,9.99,"Shop > Impossibilities, Shop > Curiosities","refurbished, physics, questionable, theme-test",standard,https://raw.githubusercontent.com/nickhamze/wonders-oddities-assets/main/wonders-discount-gravity.png,,,,,"WO-MOON-DUST, WO-POCKET-THUNDER",WO-INVISIBLE-UMBRELLA,,,2,Brand,OffBrand Newton,1,1,,Condition,Mostly functional,1,0,,Downward Force,~94% nominal,1,0,,,,,,Discount Gravity (Slightly Used) | Wonders & Oddities General Store,"Discount Gravity (Slightly Used): Gravity, but cheaper. No returns on items that have already fallen.",discount used),3.8,201,2026-04-16-a,no,no
1004,simple,WO-MOON-DUST,0850001000048,Moon Dust (Certified Lunar),1,0,visible,One teaspoon of authentic moon. Notary public on request.,Gathered by a man named Carl who insists he has been to the moon. Carl is very persuasive. Each tin comes with a Certificate of Lunar Origin signed by Carl.,,,taxable,,1,11,3,no,0,0.02,6,6,3,1,"Thank you for shopping with Wonders & Oddities. Remember: results may vary, reality may also vary.",,88.0,Shop > Curiosities,"certified, dusty, questionable, limited-edition",standard,https://raw.githubusercontent.com/nickhamze/wonders-oddities-assets/main/wonders-moon-dust.png,,,,,WO-COSMIC-MYSTERY-BOX,WO-WHISPERING-STONE,,,3,Brand,Carl's Lunar Goods,1,1,,Certification,Notarized by Carl,1,0,,Net Weight,5g,1,0,,,,,,Moon Dust (Certified Lunar) | Wonders & Oddities General Store,Moon Dust (Certified Lunar): One teaspoon of authentic moon. Notary public on request.,moon lunar),4.2,18,2026-04-16-a,no,no
1005,simple,WO-DREAD-REPELLENT,0850001000055,Existential Dread Repellent,1,1,visible,"A mild floral spray, 93% effective at deferring the Big Questions until Thursday.","Roll-on or spray. Apply liberally to wrists, temples, and the nagging sense that none of this matters. Active ingredient: mostly lavender. Inactive ingredient: aggressive optimism.",2026-04-01 00:00:00,2026-05-31 23:59:59,taxable,,1,64,10,no,0,0.15,4,4,14,1,"Thank you for shopping with Wonders & Oddities. Remember: results may vary, reality may also vary.",19.0,24.0,Shop > Moods & Feelings,"topical, floral, bestseller, fictional",standard,"https://raw.githubusercontent.com/nickhamze/wonders-oddities-assets/main/wonders-dread-repellent.png, https://raw.githubusercontent.com/nickhamze/wonders-oddities-assets/main/wonders-tangible-wifi.png, https://raw.githubusercontent.com/nickhamze/wonders-oddities-assets/main/wonders-forbidden-honey.png",,,,,"WO-BOTTLED-MORNING, WO-BORROWED-NOSTALGIA","WO-SILENCE-JAR, WO-HANDCRAFTED-ECHO",,,4,Brand,Wonders & Co.,1,1,,Scent,Lavender + Denial,1,0,,Volume,50ml,1,0,,,,,,Existential Dread Repellent | Wonders & Oddities General Store,"Existential Dread Repellent: A mild floral spray, 93% effective at deferring the Big Questions until Thursday.",existential repellent,4.5,89,2026-04-16-a,no,no
1006,simple,WO-TANGIBLE-WIFI,0850001000062,Tangible Wi-Fi (You Can Hold It),1,0,visible,"Finally, a Wi-Fi signal you can physically grab, throw, or hide from your children.","Measuring roughly the size of a tennis ball and humming faintly at 2.4GHz, Tangible Wi-Fi is the first commercially available wireless signal with mass and texture. Router sold separately and also unnecessary.",2026-04-01 00:00:00,2026-05-31 23:59:59,taxable,,1,7,10,no,0,0.35,7,7,7,1,"Thank you for shopping with Wonders & Oddities. Remember: results may vary, reality may also vary.",129.0,149.0,"Shop > Impossibilities, Shop > Curiosities","electronics, wireless, handheld, fictional",standard,https://raw.githubusercontent.com/nickhamze/wonders-oddities-assets/main/wonders-tangible-wifi.png,,,,,WO-POCKET-THUNDER,WO-WHISPERING-STONE,,,5,Brand,PalpNet,1,1,,Frequency,2.4 / 5 GHz,1,0,,Warranty,7 days (non-negotiable),1,0,,,,,,Tangible Wi-Fi (You Can Hold It) | Wonders & Oddities General Store,"Tangible Wi-Fi (You Can Hold It): Finally, a Wi-Fi signal you can physically grab, throw, or hide from your children.",tangible it),4.1,33,2026-04-16-a,no,no
1007,simple,WO-FORBIDDEN-HONEY,0850001000079,Forbidden Honey (Do Not Ask),1,0,visible,Looks like honey. Tastes like honey. Is absolutely not honey.,"Sourced from hives that exist in a legal gray area between two counties. Pairs well with toast, or a firm legal defense. Consuming Forbidden Honey does not constitute ownership of Forbidden Honey.",,,taxable,,1,30,5,no,0,0.6,9,9,13,1,"Thank you for shopping with Wonders & Oddities. Remember: results may vary, reality may also vary.",,42.0,"Shop > Forbidden Snacks, Shop > Curiosities","edible, suspicious, limited-edition, sticky",standard,https://raw.githubusercontent.com/nickhamze/wonders-oddities-assets/main/wonders-forbidden-honey.png,,,,,WO-CHAOS-SEASONING,WO-BOTTLED-MORNING,,,6,Brand,Unmentionable Apiaries,1,1,,Volume,340g,1,0,,Allergens,Mystery,1,0,,,,,,Forbidden Honey (Do Not Ask) | Wonders & Oddities General Store,Forbidden Honey (Do Not Ask): Looks like honey. Tastes like honey. Is absolutely not honey.,forbidden ask),4.8,276,2026-04-16-a,no,no
1008,simple,WO-SPARE-TUESDAY,0850001000086,A Spare Tuesday,1,1,visible,"An extra Tuesday, slotted in as needed. Not compatible with Wednesday.","Each Spare Tuesday is a genuine 24-hour day, wedged into the week via methods we do not understand and have been asked not to describe. Useful for deadlines, naps, or avoiding specific Thursdays.",,,taxable,,1,2,5,no,0,0.0,1,1,1,1,"Thank you for shopping with Wonders & Oddities. Remember: results may vary, reality may also vary.",,199.0,Shop > Impossibilities,"temporal, intangible, limited-edition",standard,"https://raw.githubusercontent.com/nickhamze/wonders-oddities-assets/main/wonders-spare-tuesday.png, https://raw.githubusercontent.com/nickhamze/wonders-oddities-assets/main/wonders-pocket-thunder.png, https://raw.githubusercontent.com/nickhamze/wonders-oddities-assets/main/wonders-fog-in-bottle.png",,,,,"WO-BORROWED-NOSTALGIA, WO-LOST-RECIPE-TIME",WO-MEMORY-FOAM-MEMORY,,,7,Brand,Temporal Surplus Ltd.,1,1,,Duration,24h ±,1,0,,Day Type,Tuesday,1,0,,,,,,A Spare Tuesday | Wonders & Oddities General Store,"A Spare Tuesday: An extra Tuesday, slotted in as needed. Not compatible with Wednesday.",a tuesday,5.0,4,2026-04-16-a,no,no
1009,simple,WO-POCKET-THUNDER,0850001000093,Pocket-Sized Thunder,1,0,visible,A miniature thunderclap in a velvet pouch. Volume: surprising.,"Hand-compressed from genuine storm systems. Squeeze to deploy. Cannot be returned once deployed. Do not use indoors, on airplanes, or near nervous dogs.",2026-04-01 00:00:00,2026-05-31 23:59:59,taxable,,0,0,3,no,0,0.1,8,5,3,1,"Thank you for shopping with Wonders & Oddities. Remember: results may vary, reality may also vary.",28.0,35.0,"Shop > Curiosities, Shop > Impossibilities","weather, loud, handcrafted",standard,https://raw.githubusercontent.com/nickhamze/wonders-oddities-assets/main/wonders-pocket-thunder.png,,,,,WO-DISCOUNT-GRAVITY,WO-FOG-IN-BOTTLE,,,8,Brand,Tempest Goods,1,1,,Sound Level,85-102 dB,1,0,,Deployments,1 (single-use),1,0,,,,,,Pocket-Sized Thunder | Wonders & Oddities General Store,Pocket-Sized Thunder: A miniature thunderclap in a velvet pouch. Volume: surprising.,pocket-sized thunder,4.3,58,2026-04-16-a,no,no
1010,simple,WO-FOG-IN-BOTTLE,0850001000109,Fog in a Bottle (Coastal),1,0,visible,"Genuine coastal fog, bottled at source. Uncork for atmospheric effect.",Harvested from a specific bay in Maine on specific mornings. Produces approximately 2 cubic meters of fog per bottle. Decorative. Do not inhale.,,,taxable,,1,41,8,no,0,0.3,7,7,18,1,"Thank you for shopping with Wonders & Oddities. Remember: results may vary, reality may also vary.",,22.0,"Shop > Curiosities, Shop > Moods & Feelings","atmospheric, maine, handcrafted",standard,https://raw.githubusercontent.com/nickhamze/wonders-oddities-assets/main/wonders-fog-in-bottle.png,,,,,WO-POCKET-THUNDER,WO-HAUNTED-CANDLE,,,9,Brand,Bay Fog Co.,1,1,,Coverage,~2m³,1,0,,Source,"Penobscot Bay, approx.",1,0,,,,,,Fog in a Bottle (Coastal) | Wonders & Oddities General Store,"Fog in a Bottle (Coastal): Genuine coastal fog, bottled at source. Uncork for atmospheric effect.",fog (coastal),4.4,26,2026-04-16-a,no,no
1011,simple,WO-CHAOS-SEASONING,0850001000116,Chaos Seasoning Blend,1,0,visible,A spice blend that tastes slightly different every time. Science cannot explain it.,"Contains: salt, pepper, cumin, uncertainty, and one ingredient the manufacturer declines to name. Pairs well with everything and nothing. Do not refrigerate.",2026-04-01 00:00:00,2026-05-31 23:59:59,taxable,,1,88,15,no,0,0.08,5,5,12,1,"Thank you for shopping with Wonders & Oddities. Remember: results may vary, reality may also vary.",11.0,14.0,Shop > Forbidden Snacks,"edible, spice, mystery",standard,https://raw.githubusercontent.com/nickhamze/wonders-oddities-assets/main/wonders-chaos-seasoning.png,,,,,WO-FORBIDDEN-HONEY,WO-BOTTLED-MORNING,,,10,Brand,Entropy Kitchen,1,1,,Net Weight,60g,1,0,,Heat Level,Varies,1,0,,,,,,Chaos Seasoning Blend | Wonders & Oddities General Store,Chaos Seasoning Blend: A spice blend that tastes slightly different every time. Science cannot explain it.,chaos blend,4.7,134,2026-04-16-a,no,no
1012,simple,WO-HAUNTED-CANDLE,0850001000123,Mildly Haunted Candle,1,0,visible,Beeswax candle. Faint whispering upon ignition. Ethically sourced ghost.,Hand-poured in small batches and then left overnight in a house with documented paranormal activity. The resident entity is described as 'polite' and 'helpful with crosswords'.,,,taxable,,1,15,5,no,0,0.45,8,8,10,1,"Thank you for shopping with Wonders & Oddities. Remember: results may vary, reality may also vary.",,38.0,"Shop > Moods & Feelings, Shop > Curiosities","candle, paranormal, handcrafted, beeswax",standard,https://raw.githubusercontent.com/nickhamze/wonders-oddities-assets/main/wonders-haunted-candle.png,,,,,WO-SILENCE-JAR,WO-FOG-IN-BOTTLE,,,11,Brand,Wonders & Co.,1,1,,Burn Time,~40hr,1,0,,Scent,Honey + implication,1,0,,,,,,Mildly Haunted Candle | Wonders & Oddities General Store,Mildly Haunted Candle: Beeswax candle. Faint whispering upon ignition. Ethically sourced ghost.,mildly candle,4.6,71,2026-04-16-a,no,no
1013,variable,WO-LEFT-SOCK,0850001000130,Left Sock of Destiny,1,1,visible,A single left sock. It knows things. Sold individually; the right is unavailable.,Each Left Sock of Destiny is knitted from yarn spun during full moons by someone named Brenda. Wearing it on the correct foot grants a vague sense of purpose. Wearing it on the wrong foot voids the warranty.,,,taxable,,1,,3,no,0,0.12,15,10,3,1,"Thank you for shopping with Wonders & Oddities. Remember: results may vary, reality may also vary.",,29.0,"Shop > Curiosities, Shop > Moods & Feelings","apparel, handcrafted, prophetic",standard,"https://raw.githubusercontent.com/nickhamze/wonders-oddities-assets/main/wonders-left-sock.png, https://raw.githubusercontent.com/nickhamze/wonders-oddities-assets/main/wonders-portable-hole.png, https://raw.githubusercontent.com/nickhamze/wonders-oddities-assets/main/wonders-invisible-umbrella.png",,,,,"WO-INVISIBLE-UMBRELLA, WO-GENTLY-USED-LUCK",WO-DREAD-REPELLENT,,,12,Size,Small|Medium|Large|X-Large,1,1,Medium,Color,Moonlit Grey|Midnight Wool|Scarlet,1,1,Moonlit Grey,Brand,Brenda's Yarn Works,1,1,,,,,,Left Sock of Destiny | Wonders & Oddities General Store,Left Sock of Destiny: A single left sock. It knows things. Sold individually; the right is unavailable.,left destiny,4.7,156,2026-04-16-a,no,no
1014,variation,WO-LEFT-SOCK-V1,,Left Sock of Destiny – Small / Moonlit Grey,1,0,visible,,"Variation of Left Sock of Destiny. Specific combination: Size: Small, Color: Moonlit Grey.",,,taxable,,1,12,3,no,0,0.12,15,10,3,0,,,29.0,,,standard,https://raw.githubusercontent.com/nickhamze/wonders-oddities-assets/main/wonders-left-sock.png,,,id:1013,,,,,,0,Size,Small,,,,Color,Moonlit Grey,,,,,,,,,,,,,,,,,,2026-04-16-a,no,no
1015,variation,WO-LEFT-SOCK-V2,,Left Sock of Destiny – Medium / Moonlit Grey,1,0,visible,,"Variation of Left Sock of Destiny. Specific combination: Size: Medium, Color: Moonlit Grey.",2026-04-01 00:00:00,2026-05-31 23:59:59,taxable,,1,8,3,no,0,0.12,15,10,3,0,,24.0,29.0,,,standard,https://raw.githubusercontent.com/nickhamze/wonders-oddities-assets/main/wonders-left-sock.png,,,id:1013,,,,,,1,Size,Medium,,,,Color,Moonlit Grey,,,,,,,,,,,,,,,,,,2026-04-16-a,no,no
1016,variation,WO-LEFT-SOCK-V3,,Left Sock of Destiny – Medium / Midnight Wool,1,0,visible,,"Variation of Left Sock of Destiny. Specific combination: Size: Medium, Color: Midnight Wool.",,,taxable,,1,3,3,no,0,0.12,15,10,3,0,,,32.0,,,standard,https://raw.githubusercontent.com/nickhamze/wonders-oddities-assets/main/wonders-left-sock.png,,,id:1013,,,,,,2,Size,Medium,,,,Color,Midnight Wool,,,,,,,,,,,,,,,,,,2026-04-16-a,no,no
1017,variation,WO-LEFT-SOCK-V4,,Left Sock of Destiny – Large / Scarlet,1,0,visible,,"Variation of Left Sock of Destiny. Specific combination: Size: Large, Color: Scarlet.",,,taxable,,0,0,3,no,0,0.12,15,10,3,0,,,34.0,,,standard,https://raw.githubusercontent.com/nickhamze/wonders-oddities-assets/main/wonders-left-sock.png,,,id:1013,,,,,,3,Size,Large,,,,Color,Scarlet,,,,,,,,,,,,,,,,,,2026-04-16-a,no,no
1018,variation,WO-LEFT-SOCK-V5,,Left Sock of Destiny – X-Large / Midnight Wool,1,0,visible,,"Variation of Left Sock of Destiny. Specific combination: Size: X-Large, Color: Midnight Wool.",2026-04-01 00:00:00,2026-05-31 23:59:59,taxable,,1,5,3,no,0,0.12,15,10,3,0,,29.0,36.0,,,standard,https://raw.githubusercontent.com/nickhamze/wonders-oddities-assets/main/wonders-left-sock.png,,,id:1013,,,,,,4,Size,X-Large,,,,Color,Midnight Wool,,,,,,,,,,,,,,,,,,2026-04-16-a,no,no
1019,variable,WO-PORTABLE-HOLE,0850001000147,Portable Hole,1,1,visible,"A real, functioning hole you can take with you. Multiple sizes available.",Unfold and place on any flat surface. Objects and small animals placed into the Portable Hole will descend indefinitely. NOT A TOY. Do not place on ceiling. Do not place on yourself.,,,taxable,,1,,3,no,0,0.0,40,40,1,1,"Thank you for shopping with Wonders & Oddities. Remember: results may vary, reality may also vary.",,79.0,Shop > Impossibilities,"storage, physics, bestseller",standard,"https://raw.githubusercontent.com/nickhamze/wonders-oddities-assets/main/wonders-portable-hole.png, https://raw.githubusercontent.com/nickhamze/wonders-oddities-assets/main/wonders-invisible-umbrella.png, https://raw.githubusercontent.com/nickhamze/wonders-oddities-assets/main/wonders-handcrafted-echo.png",,,,,"WO-DISCOUNT-GRAVITY, WO-SPARE-TUESDAY",WO-MOON-DUST,,,13,Size,Small|Medium|Large,1,1,Medium,Color,Obsidian|Violet|Fathomless,1,1,Obsidian,Brand,Depth Industries,1,1,,,,,,Portable Hole | Wonders & Oddities General Store,"Portable Hole: A real, functioning hole you can take with you. Multiple sizes available.",portable hole,4.9,344,2026-04-16-a,no,no
1020,variation,WO-PORTABLE-HOLE-V1,,Portable Hole – Small / Obsidian,1,0,visible,,"Variation of Portable Hole. Specific combination: Size: Small, Color: Obsidian.",,,taxable,,1,15,3,no,0,0.0,40,40,1,0,,,79.0,,,standard,https://raw.githubusercontent.com/nickhamze/wonders-oddities-assets/main/wonders-portable-hole.png,,,id:1019,,,,,,0,Size,Small,,,,Color,Obsidian,,,,,,,,,,,,,,,,,,2026-04-16-a,no,no
1021,variation,WO-PORTABLE-HOLE-V2,,Portable Hole – Medium / Obsidian,1,0,visible,,"Variation of Portable Hole. Specific combination: Size: Medium, Color: Obsidian.",2026-04-01 00:00:00,2026-05-31 23:59:59,taxable,,1,8,3,no,0,0.0,40,40,1,0,,99.0,129.0,,,standard,https://raw.githubusercontent.com/nickhamze/wonders-oddities-assets/main/wonders-portable-hole.png,,,id:1019,,,,,,1,Size,Medium,,,,Color,Obsidian,,,,,,,,,,,,,,,,,,2026-04-16-a,no,no
1022,variation,WO-PORTABLE-HOLE-V3,,Portable Hole – Medium / Violet,1,0,visible,,"Variation of Portable Hole. Specific combination: Size: Medium, Color: Violet.",,,taxable,,1,4,3,no,0,0.0,40,40,1,0,,,139.0,,,standard,https://raw.githubusercontent.com/nickhamze/wonders-oddities-assets/main/wonders-portable-hole.png,,,id:1019,,,,,,2,Size,Medium,,,,Color,Violet,,,,,,,,,,,,,,,,,,2026-04-16-a,no,no
1023,variation,WO-PORTABLE-HOLE-V4,,Portable Hole – Large / Fathomless,1,0,visible,,"Variation of Portable Hole. Specific combination: Size: Large, Color: Fathomless.",,,taxable,,1,1,3,no,0,0.0,40,40,1,0,,,249.0,,,standard,https://raw.githubusercontent.com/nickhamze/wonders-oddities-assets/main/wonders-portable-hole.png,,,id:1019,,,,,,3,Size,Large,,,,Color,Fathomless,,,,,,,,,,,,,,,,,,2026-04-16-a,no,no
1024,variation,WO-PORTABLE-HOLE-V5,,Portable Hole – Large / Obsidian,1,0,visible,,"Variation of Portable Hole. Specific combination: Size: Large, Color: Obsidian.",2026-04-01 00:00:00,2026-05-31 23:59:59,taxable,,1,0,3,notify,0,0.0,40,40,1,0,,179.0,229.0,,,standard,https://raw.githubusercontent.com/nickhamze/wonders-oddities-assets/main/wonders-portable-hole.png,,,id:1019,,,,,,4,Size,Large,,,,Color,Obsidian,,,,,,,,,,,,,,,,,,2026-04-16-a,no,no
1025,variable,WO-INVISIBLE-UMBRELLA,0850001000154,Invisible Umbrella,1,0,visible,You can't see it. Neither can the rain.,"A perfectly functional umbrella that is, through undisclosed methods, invisible. Provided in a visible carrying case so you don't misplace it (you will misplace it).",,,taxable,,1,,5,no,0,0.45,90,6,6,1,"Thank you for shopping with Wonders & Oddities. Remember: results may vary, reality may also vary.",,56.0,"Shop > Curiosities, Shop > Impossibilities","weather, handcrafted, invisible",standard,https://raw.githubusercontent.com/nickhamze/wonders-oddities-assets/main/wonders-invisible-umbrella.png,,,,,WO-FOG-IN-BOTTLE,WO-LEFT-SOCK,,,14,Size,Compact|Standard|Golf,1,1,Standard,Color,Invisible|Also Invisible,1,1,Invisible,Brand,NoShow Rainwear,1,1,,,,,,Invisible Umbrella | Wonders & Oddities General Store,Invisible Umbrella: You can't see it. Neither can the rain.,invisible umbrella,3.9,42,2026-04-16-a,no,no
1026,variation,WO-INVISIBLE-UMBRELLA-V1,,Invisible Umbrella – Compact / Invisible,1,0,visible,,"Variation of Invisible Umbrella. Specific combination: Size: Compact, Color: Invisible.",,,taxable,,1,20,3,no,0,0.45,90,6,6,0,,,56.0,,,standard,https://raw.githubusercontent.com/nickhamze/wonders-oddities-assets/main/wonders-invisible-umbrella.png,,,id:1025,,,,,,0,Size,Compact,,,,Color,Invisible,,,,,,,,,,,,,,,,,,2026-04-16-a,no,no
1027,variation,WO-INVISIBLE-UMBRELLA-V2,,Invisible Umbrella – Standard / Invisible,1,0,visible,,"Variation of Invisible Umbrella. Specific combination: Size: Standard, Color: Invisible.",2026-04-01 00:00:00,2026-05-31 23:59:59,taxable,,1,14,3,no,0,0.45,90,6,6,0,,58.0,72.0,,,standard,https://raw.githubusercontent.com/nickhamze/wonders-oddities-assets/main/wonders-invisible-umbrella.png,,,id:1025,,,,,,1,Size,Standard,,,,Color,Invisible,,,,,,,,,,,,,,,,,,2026-04-16-a,no,no
1028,variation,WO-INVISIBLE-UMBRELLA-V3,,Invisible Umbrella – Golf / Also Invisible,1,0,visible,,"Variation of Invisible Umbrella. Specific combination: Size: Golf, Color: Also Invisible.",,,taxable,,1,3,3,no,0,0.45,90,6,6,0,,,98.0,,,standard,https://raw.githubusercontent.com/nickhamze/wonders-oddities-assets/main/wonders-invisible-umbrella.png,,,id:1025,,,,,,2,Size,Golf,,,,Color,Also Invisible,,,,,,,,,,,,,,,,,,2026-04-16-a,no,no
1029,variable,WO-HANDCRAFTED-ECHO,0850001000161,Handcrafted Echo,1,0,visible,"A custom echo, tuned to your preferred canyon.",Wind up the brass reel and release to deploy the echo of your choice. Each echo is tuned by hand in a small workshop and tested in at least two canyons. Refills sold separately.,,,taxable,,1,,5,no,0,0.3,9,9,6,1,"Thank you for shopping with Wonders & Oddities. Remember: results may vary, reality may also vary.",,65.0,"Shop > Curiosities, Shop > Moods & Feelings","handcrafted, acoustic, brass",standard,https://raw.githubusercontent.com/nickhamze/wonders-oddities-assets/main/wonders-handcrafted-echo.png,,,,,WO-SILENCE-JAR,WO-DREAD-REPELLENT,,,15,Canyon Type,Shallow|Deep|Desert|Mountain,1,1,Deep,Delay,0.5s|1.0s|2.0s,1,1,1.0s,Brand,Reverb Artisans,1,1,,,,,,Handcrafted Echo | Wonders & Oddities General Store,"Handcrafted Echo: A custom echo, tuned to your preferred canyon.",handcrafted echo,4.4,22,2026-04-16-a,no,no
1030,variation,WO-HANDCRAFTED-ECHO-V1,,Handcrafted Echo – Shallow / 0.5s,1,0,visible,,"Variation of Handcrafted Echo. Specific combination: Canyon Type: Shallow, Delay: 0.5s.",,,taxable,,1,10,3,no,0,0.3,9,9,6,0,,,65.0,,,standard,https://raw.githubusercontent.com/nickhamze/wonders-oddities-assets/main/wonders-handcrafted-echo.png,,,id:1029,,,,,,0,Canyon Type,Shallow,,,,Delay,0.5s,,,,,,,,,,,,,,,,,,2026-04-16-a,no,no
1031,variation,WO-HANDCRAFTED-ECHO-V2,,Handcrafted Echo – Deep / 1.0s,1,0,visible,,"Variation of Handcrafted Echo. Specific combination: Canyon Type: Deep, Delay: 1.0s.",2026-04-01 00:00:00,2026-05-31 23:59:59,taxable,,1,6,3,no,0,0.3,9,9,6,0,,59.0,75.0,,,standard,https://raw.githubusercontent.com/nickhamze/wonders-oddities-assets/main/wonders-handcrafted-echo.png,,,id:1029,,,,,,1,Canyon Type,Deep,,,,Delay,1.0s,,,,,,,,,,,,,,,,,,2026-04-16-a,no,no
1032,variation,WO-HANDCRAFTED-ECHO-V3,,Handcrafted Echo – Desert / 2.0s,1,0,visible,,"Variation of Handcrafted Echo. Specific combination: Canyon Type: Desert, Delay: 2.0s.",,,taxable,,1,2,3,no,0,0.3,9,9,6,0,,,89.0,,,standard,https://raw.githubusercontent.com/nickhamze/wonders-oddities-assets/main/wonders-handcrafted-echo.png,,,id:1029,,,,,,2,Canyon Type,Desert,,,,Delay,2.0s,,,,,,,,,,,,,,,,,,2026-04-16-a,no,no
1033,variation,WO-HANDCRAFTED-ECHO-V4,,Handcrafted Echo – Mountain / 2.0s,1,0,visible,,"Variation of Handcrafted Echo. Specific combination: Canyon Type: Mountain, Delay: 2.0s.",,,taxable,,0,0,3,no,0,0.3,9,9,6,0,,,95.0,,,standard,https://raw.githubusercontent.com/nickhamze/wonders-oddities-assets/main/wonders-handcrafted-echo.png,,,id:1029,,,,,,3,Canyon Type,Mountain,,,,Delay,2.0s,,,,,,,,,,,,,,,,,,2026-04-16-a,no,no
1034,variable,WO-MEMORY-FOAM-MEMORY,0850001000178,Memory Foam Memory,1,0,visible,A memory that remembers you. Comes in three densities.,"Not a pillow. Not a mattress. A standalone memory, molded from ethically sourced memory foam and imprinted with one of several pleasant recollections. Place on nightstand.",,,taxable,,1,,5,no,0,0.2,15,15,10,1,"Thank you for shopping with Wonders & Oddities. Remember: results may vary, reality may also vary.",,48.0,"Shop > Moods & Feelings, Shop > Curiosities","soft, memory, handcrafted",standard,https://raw.githubusercontent.com/nickhamze/wonders-oddities-assets/main/wonders-memory-foam-memory.png,,,,,"WO-SPARE-TUESDAY, WO-BORROWED-NOSTALGIA",WO-SILENCE-JAR,,,16,Density,Soft|Medium|Firm,1,1,Medium,Memory,Beach Day|Warm Kitchen|Rainy Afternoon,1,1,Warm Kitchen,Brand,Wonders & Co.,1,1,,,,,,Memory Foam Memory | Wonders & Oddities General Store,Memory Foam Memory: A memory that remembers you. Comes in three densities.,memory memory,4.8,93,2026-04-16-a,no,no
1035,variation,WO-MEMORY-FOAM-MEMORY-V1,,Memory Foam Memory – Soft / Beach Day,1,0,visible,,"Variation of Memory Foam Memory. Specific combination: Density: Soft, Memory: Beach Day.",,,taxable,,1,12,3,no,0,0.2,15,15,10,0,,,48.0,,,standard,https://raw.githubusercontent.com/nickhamze/wonders-oddities-assets/main/wonders-memory-foam-memory.png,,,id:1034,,,,,,0,Density,Soft,,,,Memory,Beach Day,,,,,,,,,,,,,,,,,,2026-04-16-a,no,no
1036,variation,WO-MEMORY-FOAM-MEMORY-V2,,Memory Foam Memory – Medium / Warm Kitchen,1,0,visible,,"Variation of Memory Foam Memory. Specific combination: Density: Medium, Memory: Warm Kitchen.",2026-04-01 00:00:00,2026-05-31 23:59:59,taxable,,1,9,3,no,0,0.2,15,15,10,0,,42.0,54.0,,,standard,https://raw.githubusercontent.com/nickhamze/wonders-oddities-assets/main/wonders-memory-foam-memory.png,,,id:1034,,,,,,1,Density,Medium,,,,Memory,Warm Kitchen,,,,,,,,,,,,,,,,,,2026-04-16-a,no,no
1037,variation,WO-MEMORY-FOAM-MEMORY-V3,,Memory Foam Memory – Firm / Rainy Afternoon,1,0,visible,,"Variation of Memory Foam Memory. Specific combination: Density: Firm, Memory: Rainy Afternoon.",,,taxable,,1,3,3,no,0,0.2,15,15,10,0,,,62.0,,,standard,https://raw.githubusercontent.com/nickhamze/wonders-oddities-assets/main/wonders-memory-foam-memory.png,,,id:1034,,,,,,2,Density,Firm,,,,Memory,Rainy Afternoon,,,,,,,,,,,,,,,,,,2026-04-16-a,no,no
1038,variable,WO-GENTLY-USED-LUCK,0850001000185,Gently Used Luck,1,0,visible,Pre-owned luck. Not our previous owner's fault.,"Sourced from estate sales, abandoned lottery pools, and one very specific rabbit's foot. Each packet contains one ounce of luck in varying conditions. All sales final; luck does not come with a warranty.",,,taxable,,1,,5,no,0,0.05,10,7,1,1,"Thank you for shopping with Wonders & Oddities. Remember: results may vary, reality may also vary.",,22.0,"Shop > Curiosities, Shop > Moods & Feelings","pre-owned, luck, questionable",standard,https://raw.githubusercontent.com/nickhamze/wonders-oddities-assets/main/wonders-gently-used-luck.png,,,,,WO-MOON-DUST,WO-WHISPERING-STONE,,,17,Condition,Good|Fair|Rough,1,1,Good,Luck Type,General|Gambling|Romantic,1,1,General,Brand,Second-Hand Fortune,1,1,,,,,,Gently Used Luck | Wonders & Oddities General Store,Gently Used Luck: Pre-owned luck. Not our previous owner's fault.,gently luck,3.6,67,2026-04-16-a,no,no
1039,variation,WO-GENTLY-USED-LUCK-V1,,Gently Used Luck – Good / General,1,0,visible,,"Variation of Gently Used Luck. Specific combination: Condition: Good, Luck Type: General.",,,taxable,,1,30,3,no,0,0.05,10,7,1,0,,,22.0,,,standard,https://raw.githubusercontent.com/nickhamze/wonders-oddities-assets/main/wonders-gently-used-luck.png,,,id:1038,,,,,,0,Condition,Good,,,,Luck Type,General,,,,,,,,,,,,,,,,,,2026-04-16-a,no,no
1040,variation,WO-GENTLY-USED-LUCK-V2,,Gently Used Luck – Fair / Gambling,1,0,visible,,"Variation of Gently Used Luck. Specific combination: Condition: Fair, Luck Type: Gambling.",2026-04-01 00:00:00,2026-05-31 23:59:59,taxable,,1,18,3,no,0,0.05,10,7,1,0,,12.0,16.0,,,standard,https://raw.githubusercontent.com/nickhamze/wonders-oddities-assets/main/wonders-gently-used-luck.png,,,id:1038,,,,,,1,Condition,Fair,,,,Luck Type,Gambling,,,,,,,,,,,,,,,,,,2026-04-16-a,no,no
1041,variation,WO-GENTLY-USED-LUCK-V3,,Gently Used Luck – Rough / Romantic,1,0,visible,,"Variation of Gently Used Luck. Specific combination: Condition: Rough, Luck Type: Romantic.",,,taxable,,1,7,3,no,0,0.05,10,7,1,0,,,9.0,,,standard,https://raw.githubusercontent.com/nickhamze/wonders-oddities-assets/main/wonders-gently-used-luck.png,,,id:1038,,,,,,2,Condition,Rough,,,,Luck Type,Romantic,,,,,,,,,,,,,,,,,,2026-04-16-a,no,no
1042,grouped,WO-MONDAY-KIT,0850001000192,Monday Survival Kit,1,1,visible,Three essentials for surviving the most regrettable day of the week.,"A curated bundle of our three best-selling Monday remedies: Bottled Monday Morning (to face it), Existential Dread Repellent (to tolerate it), and Artisanal Silence (to recover from it). Save 15% vs. buying separately.",,,none,,1,,0,no,0,0.8,30,20,15,1,"Thank you for shopping with Wonders & Oddities. Remember: results may vary, reality may also vary.",,,"Shop > Curated Bundles, Shop > Moods & Feelings","bundle, bestseller, savings",standard,https://raw.githubusercontent.com/nickhamze/wonders-oddities-assets/main/wonders-monday-kit.png,,,,"WO-BOTTLED-MORNING, WO-DREAD-REPELLENT, WO-SILENCE-JAR",WO-SENSORY-STARTER,WO-HAUNTED-CANDLE,,,18,Brand,Wonders & Co.,1,1,,Items,3 products,1,0,,Savings,~15%,1,0,,,,,,Monday Survival Kit | Wonders & Oddities General Store,Monday Survival Kit: Three essentials for surviving the most regrettable day of the week.,monday kit,4.8,54,2026-04-16-a,no,no
1043,grouped,WO-SENSORY-STARTER,0850001000208,Sensory Starter Pack,1,0,visible,"Fog, echo, and thunder — a complete atmosphere in one box.","Everything you need to set an ambient scene: one Fog in a Bottle, one Handcrafted Echo, and one Pocket-Sized Thunder. Directions: uncork the fog, wind the echo, squeeze the thunder, close your eyes.",,,none,,1,,0,no,0,0.9,35,20,20,1,"Thank you for shopping with Wonders & Oddities. Remember: results may vary, reality may also vary.",,,"Shop > Curated Bundles, Shop > Curiosities","bundle, ambient, atmospheric",standard,https://raw.githubusercontent.com/nickhamze/wonders-oddities-assets/main/wonders-sensory-starter.png,,,,"WO-FOG-IN-BOTTLE, WO-HANDCRAFTED-ECHO, WO-POCKET-THUNDER",WO-HAUNTED-CANDLE,WO-SILENCE-JAR,,,19,Brand,Wonders & Co.,1,1,,Items,3 products,1,0,,Mood,Dramatic,1,0,,,,,,Sensory Starter Pack | Wonders & Oddities General Store,"Sensory Starter Pack: Fog, echo, and thunder — a complete atmosphere in one box.",sensory pack,4.5,19,2026-04-16-a,no,no
1044,grouped,WO-VOID-SAMPLER,0850001000215,Void Sampler Box,1,0,visible,"A starter set for the aspiring nihilist: hole, dust, luck.","Contains: one Small Portable Hole, one tin of Moon Dust, and one packet of Gently Used Luck. Approach void responsibly. Not suitable for children under 14 or adults over 60.",,,none,,1,,0,no,0,0.5,45,30,8,1,"Thank you for shopping with Wonders & Oddities. Remember: results may vary, reality may also vary.",,,"Shop > Curated Bundles, Shop > Impossibilities","bundle, void, philosophical",standard,https://raw.githubusercontent.com/nickhamze/wonders-oddities-assets/main/wonders-void-sampler.png,,,,"WO-PORTABLE-HOLE, WO-MOON-DUST, WO-GENTLY-USED-LUCK",WO-COSMIC-MYSTERY-BOX,WO-SPARE-TUESDAY,,,20,Brand,Wonders & Co.,1,1,,Items,3 products,1,0,,Recommended Age,14+,1,0,,,,,,Void Sampler Box | Wonders & Oddities General Store,"Void Sampler Box: A starter set for the aspiring nihilist: hole, dust, luck.",void box,4.3,12,2026-04-16-a,no,no
1045,external,WO-INTERDIM-BAZAAR,0850001000222,Trans-Dimensional Reading Glasses,1,1,visible,"See through walls, time, and most HR policies. Sold by our partner bazaar.","Manufactured in a dimension adjacent to ours, these reading glasses provide mild clairvoyance and a +1 to trivia. Available exclusively through the Interdimensional Bazaar. Click through to purchase.",,,taxable,,1,99,10,no,0,0.08,15,6,3,1,"Thank you for shopping with Wonders & Oddities. Remember: results may vary, reality may also vary.",,189.0,"Shop > Impossibilities, Shop > Curiosities","affiliate, optical, limited-edition",standard,https://raw.githubusercontent.com/nickhamze/wonders-oddities-assets/main/wonders-interdim-bazaar.png,,,,,WO-COSMIC-MYSTERY-BOX,WO-WHISPERING-STONE,https://example.com/interdimensional-bazaar/reading-glasses,Buy at Interdimensional Bazaar,21,Brand,Bazaar Optics,1,1,,Retailer,Interdimensional Bazaar,1,0,,Dimension,4.5,1,0,,,,,,Trans-Dimensional Reading Glasses | Wonders & Oddities General Store,"Trans-Dimensional Reading Glasses: See through walls, time, and most HR policies. Sold by our partner bazaar.",trans-dimensional glasses,4.6,88,2026-04-16-a,no,no
1046,external,WO-COSMIC-MYSTERY-BOX,0850001000239,Cosmic Mystery Box (Partner-Fulfilled),1,0,visible,A box containing one of fifty possible cosmos. Shipped by a third party we do not control.,"Each Cosmic Mystery Box contains one randomly selected miniature cosmos, including but not limited to: a pocket nebula, a paperweight black hole, or a certificate of stellar nothingness. Fulfillment by Astral Dropshipping Ltd.",,,taxable,,1,25,5,no,0,1.2,25,25,25,1,"Thank you for shopping with Wonders & Oddities. Remember: results may vary, reality may also vary.",,249.0,"Shop > Curiosities, Shop > Impossibilities","affiliate, mystery, cosmic",standard,https://raw.githubusercontent.com/nickhamze/wonders-oddities-assets/main/wonders-cosmic-mystery-box.png,,,,,WO-MOON-DUST,WO-VOID-SAMPLER,https://example.com/cosmic-surplus/mystery-box,Buy from Cosmic Surplus,22,Brand,Astral Dropshipping,1,1,,Retailer,Cosmic Surplus Co.,1,0,,Contents,Randomized,1,0,,,,,,Cosmic Mystery Box (Partner-Fulfilled) | Wonders & Oddities General Store,Cosmic Mystery Box (Partner-Fulfilled): A box containing one of fifty possible cosmos. Shipped by a third party we do not control.,cosmic (partner-fulfilled),4.2,41,2026-04-16-a,no,no
1047,external,WO-WHISPERING-STONE,0850001000246,Whispering Stone (Mail-Order),1,0,visible,A small stone that whispers. In the language of your choice (some extra).,"Available from our partner quarry. Stones are approximately 3cm in diameter and whisper at a volume comfortable for one listener. Languages include: English, French, Middle Egyptian (extra).",,,taxable,,1,50,10,no,0,0.1,4,4,4,1,"Thank you for shopping with Wonders & Oddities. Remember: results may vary, reality may also vary.",,44.0,Shop > Curiosities,"affiliate, stone, quiet",standard,https://raw.githubusercontent.com/nickhamze/wonders-oddities-assets/main/wonders-whispering-stone.png,,,,,WO-SILENCE-JAR,WO-MOON-DUST,https://example.com/meaningful-quarry/stone,Order from Meaningful Quarry,23,Brand,Meaningful Quarry,1,1,,Retailer,Meaningful Quarry Direct,1,0,,Language,Your choice,1,0,,,,,,Whispering Stone (Mail-Order) | Wonders & Oddities General Store,Whispering Stone (Mail-Order): A small stone that whispers. In the language of your choice (some extra).,whispering (mail-order),4.9,207,2026-04-16-a,no,no
1048,simple,WO-ONE-HAND-CLAPPING,0850001000253,The Sound of One Hand Clapping (WAV),1,0,visible,"Finally, a recording. 48kHz, 24-bit, zen-certified.","Captured in a Kyoto studio using a single hand and experimental microphones. 4.3 seconds long. Plays best at low volume, late at night, when alone.",,,taxable,zero-rate,1,99999,0,no,1,0,0,0,0,1,"Thank you for shopping with Wonders & Oddities. Remember: results may vary, reality may also vary.",,6.0,Shop > Digital Oddments,"digital, audio, zen",,https://raw.githubusercontent.com/nickhamze/wonders-oddities-assets/main/wonders-one-hand-clapping.png,3,30,,,"WO-LOST-RECIPE-TIME, WO-IMAGINARY-DEED",WO-SILENCE-JAR,,,24,Brand,Wonders Digital,1,1,,Format,WAV,1,0,,Duration,4.3s,1,0,,Sound of One Hand (WAV),https://raw.githubusercontent.com/nickhamze/wonders-oddities-assets/main/one-hand.wav,,,The Sound of One Hand Clapping (WAV) | Wonders & Oddities General Store,"The Sound of One Hand Clapping (WAV): Finally, a recording. 48kHz, 24-bit, zen-certified.",the (wav),4.7,63,2026-04-16-a,yes,yes
1049,simple,WO-LOST-RECIPE-TIME,0850001000260,Lost Recipe for Time (PDF),1,0,visible,An ancient recipe for making time. Ingredients: mostly waiting.,"A 12-page illustrated PDF recipe, translated from a manuscript found in a drawer. Serves: indefinite. Preparation time: variable. Pairs well with patience.",2026-04-01 00:00:00,2026-05-31 23:59:59,taxable,zero-rate,1,99999,0,no,1,0,0,0,0,1,"Thank you for shopping with Wonders & Oddities. Remember: results may vary, reality may also vary.",9.0,12.0,Shop > Digital Oddments,"digital, pdf, recipe",,https://raw.githubusercontent.com/nickhamze/wonders-oddities-assets/main/wonders-lost-recipe-time.png,5,365,,,WO-SPARE-TUESDAY,WO-ONE-HAND-CLAPPING,,,25,Brand,Wonders Digital,1,1,,Format,PDF,1,0,,Pages,12,1,0,,Lost Recipe for Time (PDF),https://raw.githubusercontent.com/nickhamze/wonders-oddities-assets/main/lost-recipe.pdf,,,Lost Recipe for Time (PDF) | Wonders & Oddities General Store,Lost Recipe for Time (PDF): An ancient recipe for making time. Ingredients: mostly waiting.,lost (pdf),4.8,41,2026-04-16-a,yes,yes
1050,simple,WO-IMAGINARY-DEED,0850001000277,Certificate of Imaginary Ownership (ZIP),1,0,visible,A legally non-binding deed to one (1) imaginary property of your choosing.,Receive a printable PDF certificate plus a PNG seal. Customize the property name yourself (no lookups performed). Not recognized by any jurisdiction. Still feels nice.,,,taxable,zero-rate,1,99999,0,no,1,0,0,0,0,1,"Thank you for shopping with Wonders & Oddities. Remember: results may vary, reality may also vary.",,4.0,Shop > Digital Oddments,"digital, certificate, novelty",,https://raw.githubusercontent.com/nickhamze/wonders-oddities-assets/main/wonders-imaginary-deed.png,10,90,,,WO-LOST-RECIPE-TIME,WO-IMAGINARY-DEED,,,26,Brand,Wonders Digital,1,1,,Format,ZIP (PDF+PNG),1,0,,License,"Personal, Imaginary",1,0,,Imaginary Deed (PDF),https://raw.githubusercontent.com/nickhamze/wonders-oddities-assets/main/imaginary-deed.pdf,Imaginary Seal (PNG),https://raw.githubusercontent.com/nickhamze/wonders-oddities-assets/main/imaginary-seal.png,Certificate of Imaginary Ownership (ZIP) | Wonders & Oddities General Store,Certificate of Imaginary Ownership (ZIP): A legally non-binding deed to one (1) imaginary property of your choosing.,certificate (zip),4.5,29,2026-04-16-a,yes,yes
1051,simple,WO-DEJA-VU-SESSION,0850001000284,On-Demand Déjà Vu Session,1,1,visible,A 15-minute guided déjà vu experience. Has it happened yet?,Book a 15-minute session with one of our certified déjà vu practitioners. Receive one (1) sensation of familiar unfamiliarity. Scheduling link arrives by email. Cancellations are processed twice.,,,taxable,zero-rate,1,99999,0,no,1,0,0,0,0,1,"Thank you for shopping with Wonders & Oddities. Remember: results may vary, reality may also vary.",,45.0,"Shop > Digital Oddments, Shop > Moods & Feelings","service, virtual, experience",,"https://raw.githubusercontent.com/nickhamze/wonders-oddities-assets/main/wonders-deja-vu-session.png, https://raw.githubusercontent.com/nickhamze/wonders-oddities-assets/main/wonders-borrowed-nostalgia.png, https://raw.githubusercontent.com/nickhamze/wonders-oddities-assets/main/wonders-spare-key-nowhere.png",,,,,WO-BORROWED-NOSTALGIA,WO-SPARE-TUESDAY,,,27,Brand,Déjà Vu Direct,1,1,,Duration,15 min,1,0,,Delivery,Remote,1,0,,,,,,On-Demand Déjà Vu Session | Wonders & Oddities General Store,On-Demand Déjà Vu Session: A 15-minute guided déjà vu experience. Has it happened yet?,on-demand session,4.4,73,2026-04-16-a,yes,no
1052,simple,WO-BORROWED-NOSTALGIA,0850001000291,One Hour of Borrowed Nostalgia,1,0,visible,"Nostalgia for a childhood you didn't have. Non-refundable, strangely comforting.","Sixty minutes of warm, sepia-toned memories beamed directly to you via a proprietary process. Memories are lightly used and may belong to someone named Carl (see: Moon Dust).",2026-04-01 00:00:00,2026-05-31 23:59:59,taxable,zero-rate,1,99999,0,no,1,0,0,0,0,1,"Thank you for shopping with Wonders & Oddities. Remember: results may vary, reality may also vary.",30.0,38.0,"Shop > Digital Oddments, Shop > Moods & Feelings","service, virtual, sepia",,https://raw.githubusercontent.com/nickhamze/wonders-oddities-assets/main/wonders-borrowed-nostalgia.png,,,,,WO-MEMORY-FOAM-MEMORY,WO-DEJA-VU-SESSION,,,28,Brand,Borrowed Memory Co.,1,1,,Duration,60 min,1,0,,Delivery,Broadcast,1,0,,,,,,One Hour of Borrowed Nostalgia | Wonders & Oddities General Store,"One Hour of Borrowed Nostalgia: Nostalgia for a childhood you didn't have. Non-refundable, strangely comforting.",one nostalgia,4.6,58,2026-04-16-a,yes,no
1053,simple,WO-SPARE-KEY-NOWHERE,0850001000307,Spare Key to Nowhere,1,0,visible,Fits no lock. Opens no door. Jangles nicely.,"A heavy brass key, approximately 7cm long, which does not correspond to any known lock. Useful for: weight, aesthetics, dramatic gestures. Not useful for: entering anywhere.",,,taxable,,1,36,5,no,0,0.08,7,2,0.5,1,"Thank you for shopping with Wonders & Oddities. Remember: results may vary, reality may also vary.",,19.0,Shop > Curiosities,"brass, handcrafted, decorative",standard,https://raw.githubusercontent.com/nickhamze/wonders-oddities-assets/main/wonders-spare-key-nowhere.png,,,,,WO-HAUNTED-CANDLE,WO-GENTLY-USED-LUCK,,,29,Brand,Wonders & Co.,1,1,,Material,Brass,1,0,,Length,7cm,1,0,,,,,,Spare Key to Nowhere | Wonders & Oddities General Store,Spare Key to Nowhere: Fits no lock. Opens no door. Jangles nicely.,spare nowhere,4.3,37,2026-04-16-a,no,no
